<?xml version="1.0" encoding="UTF-8"?>
<project-private xmlns="http://www.netbeans.org/ns/project-private/1">
    <editor-bookmarks xmlns="http://www.netbeans.org/ns/editor-bookmarks/2" lastBookmarkId="5">
        <file>
            <url>src/studentinformationsystem/StudentInformationSystem.java</url>
            <bookmark id="1">
                <name/>
                <line>35</line>
                <key/>
            </bookmark>
        </file>
        <file>
            <url>src/studentinformationsystem/AdminUser.java</url>
            <bookmark id="3">
                <name/>
                <line>11</line>
                <key/>
            </bookmark>
            <bookmark id="5">
                <name/>
                <line>29</line>
                <key/>
            </bookmark>
            <bookmark id="4">
                <name/>
                <line>356</line>
                <key/>
            </bookmark>
        </file>
    </editor-bookmarks>
    <open-files xmlns="http://www.netbeans.org/ns/projectui-open-files/2">
        <group>
            <file>file:/home/harry/Downloads/java%20sis/sis/src/studentinformationsystem/AdminFrame.java</file>
        </group>
        <group name="login">
            <file>file:/E:/xz/sis/sis/src/studentinformationsystem/AdminFrame.java</file>
            <file>file:/E:/xz/sis/sis/src/studentinformationsystem/dbconnect.java</file>
            <file>file:/E:/xz/sis/sis/src/studentinformationsystem/923.png</file>
            <file>file:/E:/xz/sis/sis/src/studentinformationsystem/UserIndividual.java</file>
            <file>file:/E:/xz/sis/sis/src/studentinformationsystem/adminin.jpg</file>
            <file>file:/E:/xz/sis/sis/src/studentinformationsystem/UserView.java</file>
            <file>file:/E:/xz/sis/sis/src/studentinformationsystem/AdminView.java</file>
            <file>file:/E:/xz/sis/sis/src/studentinformationsystem/header.jpg</file>
            <file>file:/E:/xz/sis/sis/src/studentinformationsystem/StudentInformationSystem.java</file>
            <file>file:/E:/xz/sis/sis/src/studentinformationsystem/AdminIndividual.java</file>
            <file>file:/E:/xz/sis/sis/src/studentinformationsystem/headeruser.jpg</file>
        </group>
        <group name="14 Chess">
            <file>file:/E:/sis/src/studentinformationsystem/AdminPage.java</file>
            <file>file:/E:/sis/src/studentinformationsystem/StudentInformationSystem.java</file>
            <file>file:/E:/sis/src/studentinformationsystem/TableEditor.java</file>
            <file>file:/E:/sis/src/studentinformationsystem/SemesterDetails.java</file>
            <file>file:/E:/sis/src/studentinformationsystem/AdminIndividual.java</file>
            <file>file:/E:/sis/src/studentinformationsystem/MyTableRenderer.java</file>
            <file>file:/E:/sis/src/studentinformationsystem/AdminView.java</file>
        </group>
    </open-files>
</project-private>
